Job Title,Company Name,Rating,Experience,Location,Minimum Requirements,Tech Stack
Urgent requirment with Pragmatic MNC For Software Developer,MNC Solftware Company,None,08 Feb - 17 Feb,Pune,Pragmatic hiring for its client. Excellent in coding & programming. Throughout 60% in a...,
Opening For Software Developer Fresher @ Paud Pune,SQUAD Infotech Private Ltd,None,0 Yrs,Pune,Exp :- Fresher (Trained or certified)Roles & Responsibilities for Software Developer Fr...,
Software Developer : Btech / MCA / MTech / BSc  Freshers only,Milestone Online Technology,None,0-1 Yrs,"Hybrid - Kolkata, Pune, Delhi / NCR","Need software developers for Java, Python, Android, MEAN Stack and Front end developmen...",
Software Developer,Apconic Software,4.5,0-2 Yrs,"Indore, Pune","Passout Year - 2022, 23, 24 . Good Knowledge of Data Structure and Algorithms. Clear co...",
Software Developer,KSB,3.9,0-4 Yrs,Pune,KSB Pumps Limited is looking for Software Developer to join our dynamic team and embark...,
Software Developer/Engineer ASP.Net Core(MVC,Anvitechsys,4.7,0-1 Yrs,Pune,AnviTechSys is looking for Software Developer/Engineer ASP.Net Core(MVC to join our dyn...,
SOFTWARE DEVELOPER/ENGINEER[.NET],Myospaz Software Technologies,4.4,0-3 Yrs,Pune,    Knowledge of Asp.net and VB.Net with C#.net using AJAX and MVC and SQL.   Strong Kn...,
Software Developer,Webrelier Software Solutions,4.3,0-1 Yrs,Pune,Freshers also can apply Preferred - Good communication skills.  0-1 yrs experience on r...,
Software Developer Trainee/Intern,Microcosmworks Llp,3.8,0-2 Yrs,New Delhi,Job OverviewWe are seeking a passionate and motivated Full-Stack Developer with 0-2 yea...,
Software Developer 5,Oracle,3.7,0-8 Yrs,"Kolkata, Mumbai, New Delhi, Hyderabad, Pune, Chennai, Bengaluru",  Oracle Health Applications & Infrastructure (OHAI) is hiring in its OHAI Platform & P...,
Software Developer,Shreecom Info Tech,4.6,0-3 Yrs,Pune,. Bachelors degree in Information Technology or related field . 2 years of overall IT e...,
Software developer power platform,Hitachi Energy,4.1,0-11 Yrs,Chennai,. To Connect with business to gather requirement and set priorities for development. Co...,
Software Developer,Proerror Software Solutions,4.9,0-3 Yrs,Pune,  We are looking for a young dynamic and enthusiastic member with fire within to work a...,
Software Developer,Hitachi Energy,4.1,0-11 Yrs,Chennai,Hands-on experience in c# windows and web application and proficient in scripting langu...,
Software Developer,Barclays,3.9,0-6 Yrs,Pune,"In depth experience with PaaS and Cloud Platforms such as OpenShift, AWS or equivalents...",
"Software Developer / Automation Specialist
",RRB Advisory Services,4.4,2-4 Yrs,Remote,"The ideal candidate should have a background and expertise in programming, software dev...",
Software Developer Specialist - AI/ML,Calypso Technology,3.8,3-7 Yrs,Bengaluru,"Batchelors / Masters or equivalent experience in Computer Science, Mathematics, or rela...",
Software Developer Specialist - AI/ML,Nasdaq,3.8,7-10 Yrs,Bengaluru,"Batchelors / Masters or equivalent experience in Computer Science, Mathematics, or rela...",
"Senior Software Developer (C#.net, SQL, ERP Software)",Index Infotech India,4.0,4-5 Yrs,Pune,"Able to work in US Shifts Experience in SQL DB Complex Queries (Triggers, Cursors and S...",
Software Developer - Java,Interface Infosoft,3.3,7-12 Yrs,"Nagpur, Roorkee","He holds Bachelor of Engineering from VNIT, Nagpur and Master of Technology from IIT, R...",
Urgent requirment with Pragmatic MNC For Software Developer,MNC Solftware Company,None,08 Feb - 17 Feb,Pune,Pragmatic hiring for its client. Excellent in coding & programming. Throughout 60% in a...,
Opening For Software Developer Fresher @ Paud Pune,SQUAD Infotech Private Ltd,None,0 Yrs,Pune,Exp :- Fresher (Trained or certified)Roles & Responsibilities for Software Developer Fr...,
Software Developer : Btech / MCA / MTech / BSc  Freshers only,Milestone Online Technology,None,0-1 Yrs,"Hybrid - Kolkata, Pune, Delhi / NCR","Need software developers for Java, Python, Android, MEAN Stack and Front end developmen...",
Software Developer,Apconic Software,4.5,0-2 Yrs,"Indore, Pune","Passout Year - 2022, 23, 24 . Good Knowledge of Data Structure and Algorithms. Clear co...",
Software Developer,KSB,3.9,0-4 Yrs,Pune,KSB Pumps Limited is looking for Software Developer to join our dynamic team and embark...,
Software Developer/Engineer ASP.Net Core(MVC,Anvitechsys,4.7,0-1 Yrs,Pune,AnviTechSys is looking for Software Developer/Engineer ASP.Net Core(MVC to join our dyn...,
SOFTWARE DEVELOPER/ENGINEER[.NET],Myospaz Software Technologies,4.4,0-3 Yrs,Pune,    Knowledge of Asp.net and VB.Net with C#.net using AJAX and MVC and SQL.   Strong Kn...,
Software Developer,Webrelier Software Solutions,4.3,0-1 Yrs,Pune,Freshers also can apply Preferred - Good communication skills.  0-1 yrs experience on r...,
Software Developer Trainee/Intern,Microcosmworks Llp,3.8,0-2 Yrs,New Delhi,Job OverviewWe are seeking a passionate and motivated Full-Stack Developer with 0-2 yea...,
Software Developer 5,Oracle,3.7,0-8 Yrs,"Kolkata, Mumbai, New Delhi, Hyderabad, Pune, Chennai, Bengaluru",  Oracle Health Applications & Infrastructure (OHAI) is hiring in its OHAI Platform & P...,
Software Developer,Shreecom Info Tech,4.6,0-3 Yrs,Pune,. Bachelors degree in Information Technology or related field . 2 years of overall IT e...,
Software developer power platform,Hitachi Energy,4.1,0-11 Yrs,Chennai,. To Connect with business to gather requirement and set priorities for development. Co...,
Software Developer,Proerror Software Solutions,4.9,0-3 Yrs,Pune,  We are looking for a young dynamic and enthusiastic member with fire within to work a...,
Software Developer,Hitachi Energy,4.1,0-11 Yrs,Chennai,Hands-on experience in c# windows and web application and proficient in scripting langu...,
Software Developer,Barclays,3.9,0-6 Yrs,Pune,"In depth experience with PaaS and Cloud Platforms such as OpenShift, AWS or equivalents...",
"Software Developer / Automation Specialist
",RRB Advisory Services,4.4,2-4 Yrs,Remote,"The ideal candidate should have a background and expertise in programming, software dev...",
Software Developer Specialist - AI/ML,Calypso Technology,3.8,3-7 Yrs,Bengaluru,"Batchelors / Masters or equivalent experience in Computer Science, Mathematics, or rela...",
Software Developer Specialist - AI/ML,Nasdaq,3.8,7-10 Yrs,Bengaluru,"Batchelors / Masters or equivalent experience in Computer Science, Mathematics, or rela...",
"Senior Software Developer (C#.net, SQL, ERP Software)",Index Infotech India,4.0,4-5 Yrs,Pune,"Able to work in US Shifts Experience in SQL DB Complex Queries (Triggers, Cursors and S...",
Software Developer - Java,Interface Infosoft,3.3,7-12 Yrs,"Nagpur, Roorkee","He holds Bachelor of Engineering from VNIT, Nagpur and Master of Technology from IIT, R...",
Urgent requirment with Pragmatic MNC For Software Developer,MNC Solftware Company,None,08 Feb - 17 Feb,Pune,Pragmatic hiring for its client. Excellent in coding & programming. Throughout 60% in a...,
Opening For Software Developer Fresher @ Paud Pune,SQUAD Infotech Private Ltd,None,0 Yrs,Pune,Exp :- Fresher (Trained or certified)Roles & Responsibilities for Software Developer Fr...,
Software Developer : Btech / MCA / MTech / BSc  Freshers only,Milestone Online Technology,None,0-1 Yrs,"Hybrid - Kolkata, Pune, Delhi / NCR","Need software developers for Java, Python, Android, MEAN Stack and Front end developmen...",
Software Developer,Apconic Software,4.5,0-2 Yrs,"Indore, Pune","Passout Year - 2022, 23, 24 . Good Knowledge of Data Structure and Algorithms. Clear co...",
Software Developer,KSB,3.9,0-4 Yrs,Pune,KSB Pumps Limited is looking for Software Developer to join our dynamic team and embark...,
Software Developer/Engineer ASP.Net Core(MVC,Anvitechsys,4.7,0-1 Yrs,Pune,AnviTechSys is looking for Software Developer/Engineer ASP.Net Core(MVC to join our dyn...,
SOFTWARE DEVELOPER/ENGINEER[.NET],Myospaz Software Technologies,4.4,0-3 Yrs,Pune,    Knowledge of Asp.net and VB.Net with C#.net using AJAX and MVC and SQL.   Strong Kn...,
Software Developer,Webrelier Software Solutions,4.3,0-1 Yrs,Pune,Freshers also can apply Preferred - Good communication skills.  0-1 yrs experience on r...,
Software Developer Trainee/Intern,Microcosmworks Llp,3.8,0-2 Yrs,New Delhi,Job OverviewWe are seeking a passionate and motivated Full-Stack Developer with 0-2 yea...,
Software Developer 5,Oracle,3.7,0-8 Yrs,"Kolkata, Mumbai, New Delhi, Hyderabad, Pune, Chennai, Bengaluru",  Oracle Health Applications & Infrastructure (OHAI) is hiring in its OHAI Platform & P...,
Software Developer,Shreecom Info Tech,4.6,0-3 Yrs,Pune,. Bachelors degree in Information Technology or related field . 2 years of overall IT e...,
Software developer power platform,Hitachi Energy,4.1,0-11 Yrs,Chennai,. To Connect with business to gather requirement and set priorities for development. Co...,
Software Developer,Proerror Software Solutions,4.9,0-3 Yrs,Pune,  We are looking for a young dynamic and enthusiastic member with fire within to work a...,
Software Developer,Hitachi Energy,4.1,0-11 Yrs,Chennai,Hands-on experience in c# windows and web application and proficient in scripting langu...,
Software Developer,Barclays,3.9,0-6 Yrs,Pune,"In depth experience with PaaS and Cloud Platforms such as OpenShift, AWS or equivalents...",
"Software Developer / Automation Specialist
",RRB Advisory Services,4.4,2-4 Yrs,Remote,"The ideal candidate should have a background and expertise in programming, software dev...",
Software Developer Specialist - AI/ML,Calypso Technology,3.8,3-7 Yrs,Bengaluru,"Batchelors / Masters or equivalent experience in Computer Science, Mathematics, or rela...",
Software Developer Specialist - AI/ML,Nasdaq,3.8,7-10 Yrs,Bengaluru,"Batchelors / Masters or equivalent experience in Computer Science, Mathematics, or rela...",
"Senior Software Developer (C#.net, SQL, ERP Software)",Index Infotech India,4.0,4-5 Yrs,Pune,"Able to work in US Shifts Experience in SQL DB Complex Queries (Triggers, Cursors and S...",
Software Developer - Java,Interface Infosoft,3.3,7-12 Yrs,"Nagpur, Roorkee","He holds Bachelor of Engineering from VNIT, Nagpur and Master of Technology from IIT, R...",
Urgent requirment with Pragmatic MNC For Software Developer,MNC Solftware Company,None,08 Feb - 17 Feb,Pune,Pragmatic hiring for its client. Excellent in coding & programming. Throughout 60% in a...,
Opening For Software Developer Fresher @ Paud Pune,SQUAD Infotech Private Ltd,None,0 Yrs,Pune,Exp :- Fresher (Trained or certified)Roles & Responsibilities for Software Developer Fr...,
Software Developer : Btech / MCA / MTech / BSc  Freshers only,Milestone Online Technology,None,0-1 Yrs,"Hybrid - Kolkata, Pune, Delhi / NCR","Need software developers for Java, Python, Android, MEAN Stack and Front end developmen...",
Software Developer,Apconic Software,4.5,0-2 Yrs,"Indore, Pune","Passout Year - 2022, 23, 24 . Good Knowledge of Data Structure and Algorithms. Clear co...",
Software Developer,KSB,3.9,0-4 Yrs,Pune,KSB Pumps Limited is looking for Software Developer to join our dynamic team and embark...,
Software Developer/Engineer ASP.Net Core(MVC,Anvitechsys,4.7,0-1 Yrs,Pune,AnviTechSys is looking for Software Developer/Engineer ASP.Net Core(MVC to join our dyn...,
SOFTWARE DEVELOPER/ENGINEER[.NET],Myospaz Software Technologies,4.4,0-3 Yrs,Pune,    Knowledge of Asp.net and VB.Net with C#.net using AJAX and MVC and SQL.   Strong Kn...,
Software Developer,Webrelier Software Solutions,4.3,0-1 Yrs,Pune,Freshers also can apply Preferred - Good communication skills.  0-1 yrs experience on r...,
Software Developer Trainee/Intern,Microcosmworks Llp,3.8,0-2 Yrs,New Delhi,Job OverviewWe are seeking a passionate and motivated Full-Stack Developer with 0-2 yea...,
Software Developer 5,Oracle,3.7,0-8 Yrs,"Kolkata, Mumbai, New Delhi, Hyderabad, Pune, Chennai, Bengaluru",  Oracle Health Applications & Infrastructure (OHAI) is hiring in its OHAI Platform & P...,
Software Developer,Shreecom Info Tech,4.6,0-3 Yrs,Pune,. Bachelors degree in Information Technology or related field . 2 years of overall IT e...,
Software developer power platform,Hitachi Energy,4.1,0-11 Yrs,Chennai,. To Connect with business to gather requirement and set priorities for development. Co...,
Software Developer,Proerror Software Solutions,4.9,0-3 Yrs,Pune,  We are looking for a young dynamic and enthusiastic member with fire within to work a...,
Software Developer,Hitachi Energy,4.1,0-11 Yrs,Chennai,Hands-on experience in c# windows and web application and proficient in scripting langu...,
Software Developer,Barclays,3.9,0-6 Yrs,Pune,"In depth experience with PaaS and Cloud Platforms such as OpenShift, AWS or equivalents...",
"Software Developer / Automation Specialist
",RRB Advisory Services,4.4,2-4 Yrs,Remote,"The ideal candidate should have a background and expertise in programming, software dev...",
Software Developer Specialist - AI/ML,Calypso Technology,3.8,3-7 Yrs,Bengaluru,"Batchelors / Masters or equivalent experience in Computer Science, Mathematics, or rela...",
Software Developer Specialist - AI/ML,Nasdaq,3.8,7-10 Yrs,Bengaluru,"Batchelors / Masters or equivalent experience in Computer Science, Mathematics, or rela...",
"Senior Software Developer (C#.net, SQL, ERP Software)",Index Infotech India,4.0,4-5 Yrs,Pune,"Able to work in US Shifts Experience in SQL DB Complex Queries (Triggers, Cursors and S...",
Software Developer - Java,Interface Infosoft,3.3,7-12 Yrs,"Nagpur, Roorkee","He holds Bachelor of Engineering from VNIT, Nagpur and Master of Technology from IIT, R...",
